#deleted_bases,phat_PE_frw,phat_PE_rev,phat_merged,alt_qual_frw,alt_qual_rev,alt_pos_in_read_frw,alt_pos_in_read_rev,occurrence_frw,occurrence_rev
T,0.0,0.000280056011202,0.000280050409074,0.0,37.3571428571,0.0,132.0,0.0,1.0
G,0.0,0.000100020004001,0.000100018003241,0.0,34.8,0.0,126.0,0.0,1.0
C,0.0,0.00011003851348,0.000110036311983,0.0,34.6333333334,0.0,7.0,0.0,2.0
A,0.0,0.00023339012493,0.000233385456085,0.0,36.871025641,0.0,8.0,0.0,6.0
